"intervals_left","type_left_left","intervals_right","type_right"
0.973339613805514,2,6.06919674577969,1
0,2,1.13434717711061,1
0.00967172006048589,2,2.95282982513588,1
2.26269297842909,2,4.5182573792713,1
6.87139826432114,2,7.86138659507279,1
8.11294796591427,2,8.55482813803281,1
0,2,3.30461272953038,1
0,2,1.96234522192719,1
0,2,3.43733798818507,1
0.183468642644584,2,3.78609683999752,1
0,2,1.15275846701115,1
0.748473657295108,2,Inf,-2
